,Time taken,End State Visited?,Number of states visited,Total Rewards
1,0.8052918910980225,False,71 / 100,-0.00636268544113595
2,2.424021005630493,False,81 / 100,-0.006367607321974233
3,2.6916418075561523,False,87 / 100,-0.006367608960909547
4,1.4226500988006592,False,87 / 100,-0.006367608967067192
5,1.7844419479370117,False,89 / 100,-0.006367608967058232
6,0.08029794692993164,False,89 / 100,-0.006367608967064112
7,0.21335935592651367,False,89 / 100,-0.006367608967063641
8,0.027929306030273438,False,89 / 100,-0.006367608967064021
9,0.1143801212310791,False,89 / 100,-0.006367608967063992
10,0.12021136283874512,False,89 / 100,-0.00636760896706399
11,0.1251051425933838,False,89 / 100,-0.00636760896706399
12,0.20122575759887695,False,89 / 100,-0.00636760896706399
13,0.09675407409667969,False,89 / 100,-0.00636760896706399
14,0.12019586563110352,False,89 / 100,-0.00636760896706399
15,0.14665436744689941,False,89 / 100,-0.00636760896706399
16,0.1260082721710205,False,89 / 100,-0.00636760896706399
17,0.11124229431152344,False,89 / 100,-0.00636760896706399
18,0.11319899559020996,False,89 / 100,-0.00636760896706399
19,0.09924983978271484,False,89 / 100,-0.00636760896706399
20,0.11574459075927734,False,89 / 100,-0.00636760896706399
21,0.11122322082519531,False,89 / 100,-0.00636760896706399
22,0.13515591621398926,False,89 / 100,-0.00636760896706399
23,0.1301724910736084,False,89 / 100,-0.00636760896706399
24,0.11221718788146973,False,89 / 100,-0.00636760896706399
25,0.046877384185791016,False,89 / 100,-0.00636760896706399
26,0.09250760078430176,False,89 / 100,-0.00636760896706399
27,0.17644762992858887,False,89 / 100,-0.00636760896706399
28,0.10412073135375977,False,89 / 100,-0.00636760896706399
29,0.13215970993041992,False,89 / 100,-0.00636760896706399
30,0.12311244010925293,False,89 / 100,-0.00636760896706399
31,0.11022210121154785,False,89 / 100,-0.00636760896706399
32,0.12060189247131348,False,89 / 100,-0.00636760896706399
33,0.13101482391357422,False,89 / 100,-0.00636760896706399
34,0.015957355499267578,False,89 / 100,-0.00636760896706399
35,0.1396031379699707,False,89 / 100,-0.00636760896706399
36,0.13863682746887207,False,89 / 100,-0.00636760896706399
37,0.13315486907958984,False,89 / 100,-0.00636760896706399
38,0.11317300796508789,False,89 / 100,-0.00636760896706399
39,0.027436494827270508,False,89 / 100,-0.00636760896706399
40,0.2359025478363037,False,89 / 100,-0.00636760896706399
41,0.13409185409545898,False,89 / 100,-0.00636760896706399
42,0.14527606964111328,False,89 / 100,-0.00636760896706399
43,0.13408541679382324,False,89 / 100,-0.00636760896706399
44,0.17743444442749023,False,89 / 100,-0.00636760896706399
45,0.14322566986083984,False,89 / 100,-0.00636760896706399
46,0.1137998104095459,False,89 / 100,-0.00636760896706399
47,0.027926206588745117,False,89 / 100,-0.00636760896706399
48,0.1149756908416748,False,89 / 100,-0.00636760896706399
49,0.034424781799316406,False,89 / 100,-0.00636760896706399
50,0.041889190673828125,False,89 / 100,-0.00636760896706399
51,0.16437292098999023,False,89 / 100,-0.00636760896706399
52,0.1331782341003418,False,89 / 100,-0.00636760896706399
53,0.0563654899597168,False,89 / 100,-0.00636760896706399
54,0.055847883224487305,False,89 / 100,-0.00636760896706399
55,0.09030556678771973,False,89 / 100,-0.00636760896706399
56,0.13717246055603027,False,89 / 100,-0.00636760896706399
57,0.09625911712646484,False,89 / 100,-0.00636760896706399
58,0.11174583435058594,False,89 / 100,-0.00636760896706399
59,0.13515782356262207,False,89 / 100,-0.00636760896706399
60,0.09728717803955078,False,89 / 100,-0.00636760896706399
61,0.10523509979248047,False,89 / 100,-0.00636760896706399
62,0.11521053314208984,False,89 / 100,-0.00636760896706399
63,0.16559958457946777,False,89 / 100,-0.00636760896706399
64,0.0862891674041748,False,89 / 100,-0.00636760896706399
65,0.12916326522827148,False,89 / 100,-0.00636760896706399
66,0.10425734519958496,False,89 / 100,-0.00636760896706399
67,0.11008167266845703,False,89 / 100,-0.00636760896706399
68,0.11479306221008301,False,89 / 100,-0.00636760896706399
69,0.11124634742736816,False,89 / 100,-0.00636760896706399
70,0.10824894905090332,False,89 / 100,-0.00636760896706399
71,0.19850492477416992,False,89 / 100,-0.00636760896706399
72,0.1155080795288086,False,89 / 100,-0.00636760896706399
73,0.11123085021972656,False,89 / 100,-0.00636760896706399
74,0.09743714332580566,False,89 / 100,-0.00636760896706399
75,0.1032872200012207,False,89 / 100,-0.00636760896706399
76,0.11022782325744629,False,89 / 100,-0.00636760896706399
77,0.14667534828186035,False,89 / 100,-0.00636760896706399
78,0.17008519172668457,False,89 / 100,-0.00636760896706399
79,0.1596381664276123,False,89 / 100,-0.00636760896706399
80,0.10512781143188477,False,89 / 100,-0.00636760896706399
81,0.1745762825012207,False,89 / 100,-0.00636760896706399
82,0.04088854789733887,False,89 / 100,-0.00636760896706399
83,0.20052671432495117,False,89 / 100,-0.00636760896706399
84,0.023937702178955078,False,89 / 100,-0.00636760896706399
85,0.15157198905944824,False,89 / 100,-0.00636760896706399
86,0.11222052574157715,False,89 / 100,-0.00636760896706399
87,0.047391414642333984,False,89 / 100,-0.00636760896706399
88,0.17740464210510254,False,89 / 100,-0.00636760896706399
89,0.16741681098937988,False,89 / 100,-0.00636760896706399
90,0.16671061515808105,False,89 / 100,-0.00636760896706399
91,0.09127545356750488,False,89 / 100,-0.00636760896706399
92,0.14812326431274414,False,89 / 100,-0.00636760896706399
93,0.11121821403503418,False,89 / 100,-0.00636760896706399
94,0.12770748138427734,False,89 / 100,-0.00636760896706399
95,0.12518787384033203,False,89 / 100,-0.00636760896706399
96,0.1457655429840088,False,89 / 100,-0.00636760896706399
97,0.13367867469787598,False,89 / 100,-0.00636760896706399
98,0.10523605346679688,False,89 / 100,-0.00636760896706399
99,0.13706016540527344,False,89 / 100,-0.00636760896706399
100,0.13567781448364258,False,89 / 100,-0.00636760896706399
101,0.14812302589416504,False,89 / 100,-0.00636760896706399
102,0.11620855331420898,False,89 / 100,-0.00636760896706399
103,0.14165806770324707,False,89 / 100,-0.00636760896706399
104,0.10122513771057129,False,89 / 100,-0.00636760896706399
105,0.1201941967010498,False,89 / 100,-0.00636760896706399
106,0.13515663146972656,False,89 / 100,-0.00636760896706399
107,0.03542494773864746,False,89 / 100,-0.00636760896706399
108,0.11820197105407715,False,89 / 100,-0.00636760896706399
109,0.12318682670593262,False,89 / 100,-0.00636760896706399
110,0.12917256355285645,False,89 / 100,-0.00636760896706399
111,0.13069653511047363,False,89 / 100,-0.00636760896706399
112,0.17006468772888184,False,89 / 100,-0.00636760896706399
113,0.15961146354675293,False,89 / 100,-0.00636760896706399
114,0.057415008544921875,False,89 / 100,-0.00636760896706399
115,0.1271822452545166,False,89 / 100,-0.00636760896706399
116,0.11897563934326172,False,89 / 100,-0.00636760896706399
117,0.11819958686828613,False,89 / 100,-0.00636760896706399
118,0.12569522857666016,False,89 / 100,-0.00636760896706399
119,0.11620378494262695,False,89 / 100,-0.00636760896706399
120,0.11606144905090332,False,89 / 100,-0.00636760896706399
121,0.13316726684570312,False,89 / 100,-0.00636760896706399
122,0.17257380485534668,False,89 / 100,-0.00636760896706399
123,0.029926538467407227,False,89 / 100,-0.00636760896706399
124,0.1266922950744629,False,89 / 100,-0.00636760896706399
125,0.1333615779876709,False,89 / 100,-0.00636760896706399
126,0.11420726776123047,False,89 / 100,-0.00636760896706399
127,0.02593207359313965,False,89 / 100,-0.00636760896706399
128,0.11257719993591309,False,89 / 100,-0.00636760896706399
129,0.04188656806945801,False,89 / 100,-0.00636760896706399
130,0.11216330528259277,False,89 / 100,-0.00636760896706399
131,0.12086749076843262,False,89 / 100,-0.00636760896706399
132,0.13154053688049316,False,89 / 100,-0.00636760896706399
133,0.15241312980651855,False,89 / 100,-0.00636760896706399
134,0.15063905715942383,False,89 / 100,-0.00636760896706399
135,0.1142115592956543,False,89 / 100,-0.00636760896706399
136,0.1569828987121582,False,89 / 100,-0.00636760896706399
137,0.14699792861938477,False,89 / 100,-0.00636760896706399
138,0.11309647560119629,False,89 / 100,-0.00636760896706399
139,0.12307357788085938,False,89 / 100,-0.00636760896706399
140,0.1266312599182129,False,89 / 100,-0.00636760896706399
141,0.13702058792114258,False,89 / 100,-0.00636760896706399
142,0.12299132347106934,False,89 / 100,-0.00636760896706399
143,0.1428966522216797,False,89 / 100,-0.00636760896706399
144,0.10327959060668945,False,89 / 100,-0.00636760896706399
145,0.11080551147460938,False,89 / 100,-0.00636760896706399
146,0.10485506057739258,False,89 / 100,-0.00636760896706399
147,0.10894250869750977,False,89 / 100,-0.00636760896706399
148,0.12341499328613281,False,89 / 100,-0.00636760896706399
149,0.1546180248260498,False,89 / 100,-0.00636760896706399
150,0.15018081665039062,False,89 / 100,-0.00636760896706399
151,0.1221930980682373,False,89 / 100,-0.00636760896706399
152,0.11022472381591797,False,89 / 100,-0.00636760896706399
153,0.10424590110778809,False,89 / 100,-0.00636760896706399
154,0.09825491905212402,False,89 / 100,-0.00636760896706399
155,0.10823249816894531,False,89 / 100,-0.00636760896706399
156,0.11421060562133789,False,89 / 100,-0.00636760896706399
157,0.13265204429626465,False,89 / 100,-0.00636760896706399
158,0.1640923023223877,False,89 / 100,-0.00636760896706399
159,0.11667585372924805,False,89 / 100,-0.00636760896706399
160,0.12055253982543945,False,89 / 100,-0.00636760896706399
161,0.019946575164794922,False,89 / 100,-0.00636760896706399
162,0.09526944160461426,False,89 / 100,-0.00636760896706399
163,0.1728510856628418,False,89 / 100,-0.00636760896706399
164,0.04288530349731445,False,89 / 100,-0.00636760896706399
165,0.11022377014160156,False,89 / 100,-0.00636760896706399
166,0.09228682518005371,False,89 / 100,-0.00636760896706399
167,0.11223053932189941,False,89 / 100,-0.00636760896706399
168,0.13669729232788086,False,89 / 100,-0.00636760896706399
169,0.11221766471862793,False,89 / 100,-0.00636760896706399
170,0.12318682670593262,False,89 / 100,-0.00636760896706399
171,0.11925029754638672,False,89 / 100,-0.00636760896706399
172,0.11820387840270996,False,89 / 100,-0.00636760896706399
173,0.12175250053405762,False,89 / 100,-0.00636760896706399
174,0.13515472412109375,False,89 / 100,-0.00636760896706399
175,0.12309575080871582,False,89 / 100,-0.00636760896706399
176,0.11521291732788086,False,89 / 100,-0.00636760896706399
177,0.16359210014343262,False,89 / 100,-0.00636760896706399
178,0.15563273429870605,False,89 / 100,-0.00636760896706399
179,0.03291177749633789,False,89 / 100,-0.00636760896706399
180,0.10103869438171387,False,89 / 100,-0.00636760896706399
181,0.12120604515075684,False,89 / 100,-0.00636760896706399
182,0.1456592082977295,False,89 / 100,-0.00636760896706399
183,0.09023284912109375,False,89 / 100,-0.00636760896706399
184,0.12517547607421875,False,89 / 100,-0.00636760896706399
185,0.11420369148254395,False,89 / 100,-0.00636760896706399
186,0.11121535301208496,False,89 / 100,-0.00636760896706399
187,0.11346244812011719,False,89 / 100,-0.00636760896706399
188,0.11221981048583984,False,89 / 100,-0.00636760896706399
189,0.11272954940795898,False,89 / 100,-0.00636760896706399
190,0.05256152153015137,False,89 / 100,-0.00636760896706399
191,0.13840961456298828,False,89 / 100,-0.00636760896706399
192,0.14435958862304688,False,89 / 100,-0.00636760896706399
193,0.11023688316345215,False,89 / 100,-0.00636760896706399
194,0.08528804779052734,False,89 / 100,-0.00636760896706399
195,0.12380266189575195,False,89 / 100,-0.00636760896706399
196,0.14167308807373047,False,89 / 100,-0.00636760896706399
197,0.03091740608215332,False,89 / 100,-0.00636760896706399
198,0.10224366188049316,False,89 / 100,-0.00636760896706399
199,0.14468646049499512,False,89 / 100,-0.00636760896706399
200,0.13002228736877441,False,89 / 100,-0.00636760896706399
201,0.11123156547546387,False,89 / 100,-0.00636760896706399
202,0.12705445289611816,False,89 / 100,-0.00636760896706399
203,0.10623860359191895,False,89 / 100,-0.00636760896706399
204,0.10752081871032715,False,89 / 100,-0.00636760896706399
205,0.132676362991333,False,89 / 100,-0.00636760896706399
206,0.12511587142944336,False,89 / 100,-0.00636760896706399
207,0.1262044906616211,False,89 / 100,-0.00636760896706399
208,0.057361602783203125,False,89 / 100,-0.00636760896706399
209,0.10626101493835449,False,89 / 100,-0.00636760896706399
210,0.10523772239685059,False,89 / 100,-0.00636760896706399
211,0.11817526817321777,False,89 / 100,-0.00636760896706399
212,0.13869571685791016,False,89 / 100,-0.00636760896706399
213,0.14811968803405762,False,89 / 100,-0.00636760896706399
214,0.14069294929504395,False,89 / 100,-0.00636760896706399
215,0.10822606086730957,False,89 / 100,-0.00636760896706399
216,0.10024833679199219,False,89 / 100,-0.00636760896706399
217,0.13134121894836426,False,89 / 100,-0.00636760896706399
218,0.11803007125854492,False,89 / 100,-0.00636760896706399
219,0.10722589492797852,False,89 / 100,-0.00636760896706399
220,0.11114287376403809,False,89 / 100,-0.00636760896706399
221,0.11139297485351562,False,89 / 100,-0.00636760896706399
222,0.11362838745117188,False,89 / 100,-0.00636760896706399
223,0.12227773666381836,False,89 / 100,-0.00636760896706399
224,0.11919713020324707,False,89 / 100,-0.00636760896706399
225,0.1346893310546875,False,89 / 100,-0.00636760896706399
226,0.11363720893859863,False,89 / 100,-0.00636760896706399
227,0.12418103218078613,False,89 / 100,-0.00636760896706399
228,0.13911724090576172,False,89 / 100,-0.00636760896706399
229,0.12346696853637695,False,89 / 100,-0.00636760896706399
230,0.17903804779052734,False,89 / 100,-0.00636760896706399
231,0.12579345703125,False,89 / 100,-0.00636760896706399
232,0.13415145874023438,False,89 / 100,-0.00636760896706399
233,0.15461945533752441,False,89 / 100,-0.00636760896706399
234,0.13040471076965332,False,89 / 100,-0.00636760896706399
235,0.13216090202331543,False,89 / 100,-0.00636760896706399
236,0.12636041641235352,False,89 / 100,-0.00636760896706399
237,0.11998677253723145,False,89 / 100,-0.00636760896706399
238,0.1299591064453125,False,89 / 100,-0.00636760896706399
239,0.14721059799194336,False,89 / 100,-0.00636760896706399
240,0.03790020942687988,False,89 / 100,-0.00636760896706399
241,0.14919567108154297,False,89 / 100,-0.00636760896706399
242,0.1399519443511963,False,89 / 100,-0.00636760896706399
243,0.013963460922241211,False,89 / 100,-0.00636760896706399
244,0.1287367343902588,False,89 / 100,-0.00636760896706399
245,0.14564013481140137,False,89 / 100,-0.00636760896706399
246,0.14186787605285645,False,89 / 100,-0.00636760896706399
247,0.12371253967285156,False,89 / 100,-0.00636760896706399
248,0.11322188377380371,False,89 / 100,-0.00636760896706399
249,0.14513278007507324,False,89 / 100,-0.00636760896706399
250,0.14769482612609863,False,89 / 100,-0.00636760896706399
251,0.13715529441833496,False,89 / 100,-0.00636760896706399
252,0.14568591117858887,False,89 / 100,-0.00636760896706399
253,0.10923910140991211,False,89 / 100,-0.00636760896706399
254,0.026929855346679688,False,89 / 100,-0.00636760896706399
255,0.13402104377746582,False,89 / 100,-0.00636760896706399
256,0.11122727394104004,False,89 / 100,-0.00636760896706399
257,0.13616156578063965,False,89 / 100,-0.00636760896706399
258,0.1052713394165039,False,89 / 100,-0.00636760896706399
259,0.16167068481445312,False,89 / 100,-0.00636760896706399
260,0.13616418838500977,False,89 / 100,-0.00636760896706399
261,0.04587841033935547,False,89 / 100,-0.00636760896706399
262,0.12314844131469727,False,89 / 100,-0.00636760896706399
263,0.15294957160949707,False,89 / 100,-0.00636760896706399
264,0.11919784545898438,False,89 / 100,-0.00636760896706399
265,0.12114810943603516,False,89 / 100,-0.00636760896706399
266,0.12618064880371094,False,89 / 100,-0.00636760896706399
267,0.127180814743042,False,89 / 100,-0.00636760896706399
268,0.13668298721313477,False,89 / 100,-0.00636760896706399
269,0.11522126197814941,False,89 / 100,-0.00636760896706399
270,0.12917661666870117,False,89 / 100,-0.00636760896706399
271,0.14665579795837402,False,89 / 100,-0.00636760896706399
272,0.11422276496887207,False,89 / 100,-0.00636760896706399
273,0.13018131256103516,False,89 / 100,-0.00636760896706399
274,0.1082308292388916,False,89 / 100,-0.00636760896706399
275,0.15762114524841309,False,89 / 100,-0.00636760896706399
276,0.12810492515563965,False,89 / 100,-0.00636760896706399
277,0.11022162437438965,False,89 / 100,-0.00636760896706399
278,0.11020255088806152,False,89 / 100,-0.00636760896706399
279,0.046387672424316406,False,89 / 100,-0.00636760896706399
280,0.12953495979309082,False,89 / 100,-0.00636760896706399
281,0.11920666694641113,False,89 / 100,-0.00636760896706399
282,0.15462899208068848,False,89 / 100,-0.00636760896706399
283,0.12421464920043945,False,89 / 100,-0.00636760896706399
284,0.12868928909301758,False,89 / 100,-0.00636760896706399
285,0.15210962295532227,False,89 / 100,-0.00636760896706399
286,0.12287020683288574,False,89 / 100,-0.00636760896706399
287,0.1369342803955078,False,89 / 100,-0.00636760896706399
288,0.09326815605163574,False,89 / 100,-0.00636760896706399
289,0.14313292503356934,False,89 / 100,-0.00636760896706399
290,0.12418460845947266,False,89 / 100,-0.00636760896706399
291,0.11871027946472168,False,89 / 100,-0.00636760896706399
292,0.1182718276977539,False,89 / 100,-0.00636760896706399
293,0.12617731094360352,False,89 / 100,-0.00636760896706399
294,0.09625768661499023,False,89 / 100,-0.00636760896706399
295,0.11047792434692383,False,89 / 100,-0.00636760896706399
296,0.1338329315185547,False,89 / 100,-0.00636760896706399
297,0.1152346134185791,False,89 / 100,-0.00636760896706399
298,0.1259608268737793,False,89 / 100,-0.00636760896706399
299,0.05439019203186035,False,89 / 100,-0.00636760896706399
300,0.12020111083984375,False,89 / 100,-0.00636760896706399
301,0.1232001781463623,False,89 / 100,-0.00636760896706399
302,0.15166401863098145,False,89 / 100,-0.00636760896706399
303,0.11022043228149414,False,89 / 100,-0.00636760896706399
304,0.1104440689086914,False,89 / 100,-0.00636760896706399
305,0.11111664772033691,False,89 / 100,-0.00636760896706399
306,0.11712527275085449,False,89 / 100,-0.00636760896706399
307,0.10175228118896484,False,89 / 100,-0.00636760896706399
308,0.17803335189819336,False,89 / 100,-0.00636760896706399
309,0.17334270477294922,False,89 / 100,-0.00636760896706399
310,0.12268877029418945,False,89 / 100,-0.00636760896706399
311,0.13416004180908203,False,89 / 100,-0.00636760896706399
312,0.11022782325744629,False,89 / 100,-0.00636760896706399
313,0.10623788833618164,False,89 / 100,-0.00636760896706399
314,0.15102505683898926,False,89 / 100,-0.00636760896706399
315,0.12617802619934082,False,89 / 100,-0.00636760896706399
316,0.14310646057128906,False,89 / 100,-0.00636760896706399
317,0.12172746658325195,False,89 / 100,-0.00636760896706399
318,0.12715554237365723,False,89 / 100,-0.00636760896706399
319,0.12868857383728027,False,89 / 100,-0.00636760896706399
320,0.09734296798706055,False,89 / 100,-0.00636760896706399
321,0.10124039649963379,False,89 / 100,-0.00636760896706399
322,0.13797855377197266,False,89 / 100,-0.00636760896706399
323,0.1496424674987793,False,89 / 100,-0.00636760896706399
324,0.12119603157043457,False,89 / 100,-0.00636760896706399
325,0.11023402214050293,False,89 / 100,-0.00636760896706399
326,0.13553261756896973,False,89 / 100,-0.00636760896706399
327,0.12018227577209473,False,89 / 100,-0.00636760896706399
328,0.1491224765777588,False,89 / 100,-0.00636760896706399
329,0.11523056030273438,False,89 / 100,-0.00636760896706399
330,0.13705205917358398,False,89 / 100,-0.00636760896706399
331,0.1112222671508789,False,89 / 100,-0.00636760896706399
332,0.05086469650268555,False,89 / 100,-0.00636760896706399
333,0.11520743370056152,False,89 / 100,-0.00636760896706399
334,0.09328103065490723,False,89 / 100,-0.00636760896706399
335,0.14337968826293945,False,89 / 100,-0.00636760896706399
336,0.11620569229125977,False,89 / 100,-0.00636760896706399
337,0.17058396339416504,False,89 / 100,-0.00636760896706399
338,0.046875,False,89 / 100,-0.00636760896706399
339,0.12170076370239258,False,89 / 100,-0.00636760896706399
340,0.0927572250366211,False,89 / 100,-0.00636760896706399
341,0.10970115661621094,False,89 / 100,-0.00636760896706399
342,0.08835840225219727,False,89 / 100,-0.00636760896706399
343,0.11721062660217285,False,89 / 100,-0.00636760896706399
344,0.10723280906677246,False,89 / 100,-0.00636760896706399
345,0.11720895767211914,False,89 / 100,-0.00636760896706399
346,0.11223721504211426,False,89 / 100,-0.00636760896706399
347,0.1524522304534912,False,89 / 100,-0.00636760896706399
348,0.028923749923706055,False,89 / 100,-0.00636760896706399
349,0.11422848701477051,False,89 / 100,-0.00636760896706399
350,0.15604329109191895,False,89 / 100,-0.00636760896706399
351,0.16209030151367188,False,89 / 100,-0.00636760896706399
352,0.1376819610595703,False,89 / 100,-0.00636760896706399
353,0.12418985366821289,False,89 / 100,-0.00636760896706399
354,0.1193242073059082,False,89 / 100,-0.00636760896706399
355,0.11284780502319336,False,89 / 100,-0.00636760896706399
356,0.11252999305725098,False,89 / 100,-0.00636760896706399
357,0.11836838722229004,False,89 / 100,-0.00636760896706399
358,0.10725045204162598,False,89 / 100,-0.00636760896706399
359,0.11820626258850098,False,89 / 100,-0.00636760896706399
360,0.15762639045715332,False,89 / 100,-0.00636760896706399
361,0.06482505798339844,False,89 / 100,-0.00636760896706399
362,0.12371301651000977,False,89 / 100,-0.00636760896706399
363,0.1531212329864502,False,89 / 100,-0.00636760896706399
364,0.11888790130615234,False,89 / 100,-0.00636760896706399
365,0.12473630905151367,False,89 / 100,-0.00636760896706399
366,0.1221921443939209,False,89 / 100,-0.00636760896706399
367,0.1278700828552246,False,89 / 100,-0.00636760896706399
368,0.15462303161621094,False,89 / 100,-0.00636760896706399
369,0.13415884971618652,False,89 / 100,-0.00636760896706399
370,0.15628457069396973,False,89 / 100,-0.00636760896706399
371,0.13515567779541016,False,89 / 100,-0.00636760896706399
372,0.023936033248901367,False,89 / 100,-0.00636760896706399
373,0.1102292537689209,False,89 / 100,-0.00636760896706399
374,0.1087336540222168,False,89 / 100,-0.00636760896706399
375,0.11919832229614258,False,89 / 100,-0.00636760896706399
376,0.12631630897521973,False,89 / 100,-0.00636760896706399
377,0.10282230377197266,False,89 / 100,-0.00636760896706399
378,0.10822272300720215,False,89 / 100,-0.00636760896706399
379,0.12820672988891602,False,89 / 100,-0.00636760896706399
380,0.11481428146362305,False,89 / 100,-0.00636760896706399
381,0.0957651138305664,False,89 / 100,-0.00636760896706399
382,0.13817572593688965,False,89 / 100,-0.00636760896706399
383,0.12518095970153809,False,89 / 100,-0.00636760896706399
384,0.12171244621276855,False,89 / 100,-0.00636760896706399
385,0.09824919700622559,False,89 / 100,-0.00636760896706399
386,0.0459139347076416,False,89 / 100,-0.00636760896706399
387,0.11420989036560059,False,89 / 100,-0.00636760896706399
388,0.14565205574035645,False,89 / 100,-0.00636760896706399
389,0.11921000480651855,False,89 / 100,-0.00636760896706399
390,0.1361536979675293,False,89 / 100,-0.00636760896706399
391,0.11721014976501465,False,89 / 100,-0.00636760896706399
392,0.12372231483459473,False,89 / 100,-0.00636760896706399
393,0.12318706512451172,False,89 / 100,-0.00636760896706399
394,0.1251811981201172,False,89 / 100,-0.00636760896706399
395,0.12319087982177734,False,89 / 100,-0.00636760896706399
396,0.10824871063232422,False,89 / 100,-0.00636760896706399
397,0.14712309837341309,False,89 / 100,-0.00636760896706399
398,0.11820030212402344,False,89 / 100,-0.00636760896706399
399,0.15971732139587402,False,89 / 100,-0.00636760896706399
400,0.14363503456115723,False,89 / 100,-0.00636760896706399
401,0.1377098560333252,False,89 / 100,-0.00636760896706399
402,0.06682848930358887,False,89 / 100,-0.00636760896706399
403,0.10774612426757812,False,89 / 100,-0.00636760896706399
404,0.15984392166137695,False,89 / 100,-0.00636760896706399
405,0.13215994834899902,False,89 / 100,-0.00636760896706399
406,0.09824967384338379,False,89 / 100,-0.00636760896706399
407,0.15672874450683594,False,89 / 100,-0.00636760896706399
408,0.04001951217651367,False,89 / 100,-0.00636760896706399
409,0.15535569190979004,False,89 / 100,-0.00636760896706399
410,0.1476588249206543,False,89 / 100,-0.00636760896706399
411,0.10922598838806152,False,89 / 100,-0.00636760896706399
412,0.1062309741973877,False,89 / 100,-0.00636760896706399
413,0.13119149208068848,False,89 / 100,-0.00636760896706399
414,0.11500000953674316,False,89 / 100,-0.00636760896706399
415,0.11321544647216797,False,89 / 100,-0.00636760896706399
416,0.21747374534606934,False,89 / 100,-0.00636760896706399
417,0.12319326400756836,False,89 / 100,-0.00636760896706399
418,0.10722923278808594,False,89 / 100,-0.00636760896706399
419,0.1251816749572754,False,89 / 100,-0.00636760896706399
420,0.1868147850036621,False,89 / 100,-0.00636760896706399
421,0.11983871459960938,False,89 / 100,-0.00636760896706399
422,0.11948728561401367,False,89 / 100,-0.00636760896706399
423,0.11507892608642578,False,89 / 100,-0.00636760896706399
424,0.11021542549133301,False,89 / 100,-0.00636760896706399
425,0.11875724792480469,False,89 / 100,-0.00636760896706399
426,0.10519933700561523,False,89 / 100,-0.00636760896706399
427,0.114227294921875,False,89 / 100,-0.00636760896706399
428,0.10922551155090332,False,89 / 100,-0.00636760896706399
429,0.11722993850708008,False,89 / 100,-0.00636760896706399
430,0.12552213668823242,False,89 / 100,-0.00636760896706399
431,0.10625815391540527,False,89 / 100,-0.00636760896706399
432,0.12974882125854492,False,89 / 100,-0.00636760896706399
433,0.11224222183227539,False,89 / 100,-0.00636760896706399
434,0.10205817222595215,False,89 / 100,-0.00636760896706399
435,0.10708165168762207,False,89 / 100,-0.00636760896706399
436,0.13817429542541504,False,89 / 100,-0.00636760896706399
437,0.10924816131591797,False,89 / 100,-0.00636760896706399
438,0.11920714378356934,False,89 / 100,-0.00636760896706399
439,0.12671136856079102,False,89 / 100,-0.00636760896706399
440,0.11521387100219727,False,89 / 100,-0.00636760896706399
441,0.17158126831054688,False,89 / 100,-0.00636760896706399
442,0.12722229957580566,False,89 / 100,-0.00636760896706399
443,0.05386090278625488,False,89 / 100,-0.00636760896706399
444,0.1207113265991211,False,89 / 100,-0.00636760896706399
445,0.12419319152832031,False,89 / 100,-0.00636760896706399
446,0.12618088722229004,False,89 / 100,-0.00636760896706399
447,0.11521506309509277,False,89 / 100,-0.00636760896706399
448,0.13733530044555664,False,89 / 100,-0.00636760896706399
449,0.10125255584716797,False,89 / 100,-0.00636760896706399
450,0.14015579223632812,False,89 / 100,-0.00636760896706399
451,0.13268780708312988,False,89 / 100,-0.00636760896706399
452,0.11919856071472168,False,89 / 100,-0.00636760896706399
453,0.16675424575805664,False,89 / 100,-0.00636760896706399
454,0.12717723846435547,False,89 / 100,-0.00636760896706399
455,0.13018202781677246,False,89 / 100,-0.00636760896706399
456,0.11314797401428223,False,89 / 100,-0.00636760896706399
457,0.10324239730834961,False,89 / 100,-0.00636760896706399
458,0.12610149383544922,False,89 / 100,-0.00636760896706399
459,0.12719488143920898,False,89 / 100,-0.00636760896706399
460,0.15363311767578125,False,89 / 100,-0.00636760896706399
461,0.12040376663208008,False,89 / 100,-0.00636760896706399
462,0.0952603816986084,False,89 / 100,-0.00636760896706399
463,0.04587697982788086,False,89 / 100,-0.00636760896706399
464,0.18294239044189453,False,89 / 100,-0.00636760896706399
465,0.04838705062866211,False,89 / 100,-0.00636760896706399
466,0.12318778038024902,False,89 / 100,-0.00636760896706399
467,0.0803215503692627,False,89 / 100,-0.00636760896706399
468,0.09825348854064941,False,89 / 100,-0.00636760896706399
469,0.1032404899597168,False,89 / 100,-0.00636760896706399
470,0.04886817932128906,False,89 / 100,-0.00636760896706399
471,0.1506340503692627,False,89 / 100,-0.00636760896706399
472,0.0109710693359375,False,89 / 100,-0.00636760896706399
473,0.1451427936553955,False,89 / 100,-0.00636760896706399
474,0.12073588371276855,False,89 / 100,-0.00636760896706399
475,0.15581727027893066,False,89 / 100,-0.00636760896706399
476,0.12439298629760742,False,89 / 100,-0.00636760896706399
477,0.0269930362701416,False,89 / 100,-0.00636760896706399
478,0.09127259254455566,False,89 / 100,-0.00636760896706399
479,0.12722563743591309,False,89 / 100,-0.00636760896706399
480,0.1656029224395752,False,89 / 100,-0.00636760896706399
481,0.14318370819091797,False,89 / 100,-0.00636760896706399
482,0.1773393154144287,False,89 / 100,-0.00636760896706399
483,0.038895368576049805,False,89 / 100,-0.00636760896706399
484,0.1556236743927002,False,89 / 100,-0.00636760896706399
485,0.11420989036560059,False,89 / 100,-0.00636760896706399
486,0.048914432525634766,False,89 / 100,-0.00636760896706399
487,0.16007375717163086,False,89 / 100,-0.00636760896706399
488,0.10323381423950195,False,89 / 100,-0.00636760896706399
489,0.1031181812286377,False,89 / 100,-0.00636760896706399
490,0.04931831359863281,False,89 / 100,-0.00636760896706399
491,0.12019562721252441,False,89 / 100,-0.00636760896706399
492,0.12208342552185059,False,89 / 100,-0.00636760896706399
493,0.10985207557678223,False,89 / 100,-0.00636760896706399
494,0.13661694526672363,False,89 / 100,-0.00636760896706399
495,0.1190793514251709,False,89 / 100,-0.00636760896706399
496,0.11819887161254883,False,89 / 100,-0.00636760896706399
497,0.14126253128051758,False,89 / 100,-0.00636760896706399
498,0.11475849151611328,False,89 / 100,-0.00636760896706399
499,0.1291811466217041,False,89 / 100,-0.00636760896706399
500,0.12219405174255371,False,89 / 100,-0.00636760896706399
501,0.10924625396728516,False,89 / 100,-0.00636760896706399
502,0.061838388442993164,False,89 / 100,-0.00636760896706399
503,0.14765000343322754,False,89 / 100,-0.00636760896706399
504,0.13117313385009766,False,89 / 100,-0.00636760896706399
505,0.11721444129943848,False,89 / 100,-0.00636760896706399
506,0.18056559562683105,False,89 / 100,-0.00636760896706399
507,0.13018512725830078,False,89 / 100,-0.00636760896706399
508,0.1197516918182373,False,89 / 100,-0.00636760896706399
509,0.14120793342590332,False,89 / 100,-0.00636760896706399
510,0.08928680419921875,False,89 / 100,-0.00636760896706399
511,0.01595616340637207,False,89 / 100,-0.00636760896706399
512,0.03945016860961914,False,89 / 100,-0.00636760896706399
513,0.12822318077087402,False,89 / 100,-0.00636760896706399
514,0.13515949249267578,False,89 / 100,-0.00636760896706399
515,0.11422920227050781,False,89 / 100,-0.00636760896706399
516,0.09925985336303711,False,89 / 100,-0.00636760896706399
517,0.13368940353393555,False,89 / 100,-0.00636760896706399
518,0.12419390678405762,False,89 / 100,-0.00636760896706399
519,0.1411449909210205,False,89 / 100,-0.00636760896706399
520,0.11173605918884277,False,89 / 100,-0.00636760896706399
521,0.15212178230285645,False,89 / 100,-0.00636760896706399
522,0.11322426795959473,False,89 / 100,-0.00636760896706399
523,0.03744792938232422,False,89 / 100,-0.00636760896706399
524,0.09883642196655273,False,89 / 100,-0.00636760896706399
525,0.11424541473388672,False,89 / 100,-0.00636760896706399
526,0.1591036319732666,False,89 / 100,-0.00636760896706399
527,0.12770318984985352,False,89 / 100,-0.00636760896706399
528,0.14616870880126953,False,89 / 100,-0.00636760896706399
529,0.1277174949645996,False,89 / 100,-0.00636760896706399
530,0.13915777206420898,False,89 / 100,-0.00636760896706399
531,0.12318873405456543,False,89 / 100,-0.00636760896706399
532,0.12427401542663574,False,89 / 100,-0.00636760896706399
533,0.09326744079589844,False,89 / 100,-0.00636760896706399
534,0.16060090065002441,False,89 / 100,-0.00636760896706399
535,0.12318778038024902,False,89 / 100,-0.00636760896706399
536,0.11774015426635742,False,89 / 100,-0.00636760896706399
537,0.15810036659240723,False,89 / 100,-0.00636760896706399
538,0.14963936805725098,False,89 / 100,-0.00636760896706399
539,0.031914472579956055,False,89 / 100,-0.00636760896706399
540,0.11420917510986328,False,89 / 100,-0.00636760896706399
541,0.10822677612304688,False,89 / 100,-0.00636760896706399
542,0.1161806583404541,False,89 / 100,-0.00636760896706399
543,0.12369108200073242,False,89 / 100,-0.00636760896706399
544,0.12290501594543457,False,89 / 100,-0.00636760896706399
545,0.13615703582763672,False,89 / 100,-0.00636760896706399
546,0.11139965057373047,False,89 / 100,-0.00636760896706399
547,0.05684685707092285,False,89 / 100,-0.00636760896706399
548,0.13216662406921387,False,89 / 100,-0.00636760896706399
549,0.12254047393798828,False,89 / 100,-0.00636760896706399
550,0.10024690628051758,False,89 / 100,-0.00636760896706399
551,0.10128474235534668,False,89 / 100,-0.00636760896706399
552,0.021942615509033203,False,89 / 100,-0.00636760896706399
553,0.10526537895202637,False,89 / 100,-0.00636760896706399
554,0.12119221687316895,False,89 / 100,-0.00636760896706399
555,0.09074163436889648,False,89 / 100,-0.00636760896706399
556,0.10324597358703613,False,89 / 100,-0.00636760896706399
557,0.10124540328979492,False,89 / 100,-0.00636760896706399
558,0.10623717308044434,False,89 / 100,-0.00636760896706399
559,0.12015700340270996,False,89 / 100,-0.00636760896706399
560,0.10220217704772949,False,89 / 100,-0.00636760896706399
561,0.11522698402404785,False,89 / 100,-0.00636760896706399
562,0.09917902946472168,False,89 / 100,-0.00636760896706399
563,0.13864850997924805,False,89 / 100,-0.00636760896706399
564,0.10726141929626465,False,89 / 100,-0.00636760896706399
565,0.11329007148742676,False,89 / 100,-0.00636760896706399
566,0.10979175567626953,False,89 / 100,-0.00636760896706399
567,0.13016390800476074,False,89 / 100,-0.00636760896706399
568,0.11221098899841309,False,89 / 100,-0.00636760896706399
569,0.1072225570678711,False,89 / 100,-0.00636760896706399
570,0.11021685600280762,False,89 / 100,-0.00636760896706399
571,0.10724782943725586,False,89 / 100,-0.00636760896706399
572,0.13425040245056152,False,89 / 100,-0.00636760896706399
573,0.022940874099731445,False,89 / 100,-0.00636760896706399
574,0.18457937240600586,False,89 / 100,-0.00636760896706399
575,0.10844779014587402,False,89 / 100,-0.00636760896706399
576,0.11521458625793457,False,89 / 100,-0.00636760896706399
577,0.11721396446228027,False,89 / 100,-0.00636760896706399
578,0.12909436225891113,False,89 / 100,-0.00636760896706399
579,0.16307306289672852,False,89 / 100,-0.00636760896706399
580,0.13857650756835938,False,89 / 100,-0.00636760896706399
581,0.11023187637329102,False,89 / 100,-0.00636760896706399
582,0.12575626373291016,False,89 / 100,-0.00636760896706399
583,0.0372006893157959,False,89 / 100,-0.00636760896706399
584,0.10614609718322754,False,89 / 100,-0.00636760896706399
585,0.14113879203796387,False,89 / 100,-0.00636760896706399
586,0.10786271095275879,False,89 / 100,-0.00636760896706399
587,0.1244661808013916,False,89 / 100,-0.00636760896706399
588,0.034906864166259766,False,89 / 100,-0.00636760896706399
589,0.10616540908813477,False,89 / 100,-0.00636760896706399
590,0.09876275062561035,False,89 / 100,-0.00636760896706399
591,0.10922431945800781,False,89 / 100,-0.00636760896706399
592,0.13213109970092773,False,89 / 100,-0.00636760896706399
593,0.13715052604675293,False,89 / 100,-0.00636760896706399
594,0.03590536117553711,False,89 / 100,-0.00636760896706399
595,0.05137920379638672,False,89 / 100,-0.00636760896706399
596,0.13515424728393555,False,89 / 100,-0.00636760896706399
597,0.10224175453186035,False,89 / 100,-0.00636760896706399
598,0.11222028732299805,False,89 / 100,-0.00636760896706399
599,0.09925055503845215,False,89 / 100,-0.00636760896706399
600,0.12172818183898926,False,89 / 100,-0.00636760896706399
601,0.13611507415771484,False,89 / 100,-0.00636760896706399
602,0.10806775093078613,False,89 / 100,-0.00636760896706399
603,0.09688472747802734,False,89 / 100,-0.00636760896706399
604,0.08321094512939453,False,89 / 100,-0.00636760896706399
605,0.10642147064208984,False,89 / 100,-0.00636760896706399
606,0.030919790267944336,False,89 / 100,-0.00636760896706399
607,0.10225319862365723,False,89 / 100,-0.00636760896706399
608,0.11971688270568848,False,89 / 100,-0.00636760896706399
609,0.10370612144470215,False,89 / 100,-0.00636760896706399
610,0.11074328422546387,False,89 / 100,-0.00636760896706399
611,0.030918598175048828,False,89 / 100,-0.00636760896706399
612,0.1296861171722412,False,89 / 100,-0.00636760896706399
613,0.10224246978759766,False,89 / 100,-0.00636760896706399
614,0.11118769645690918,False,89 / 100,-0.00636760896706399
615,0.14586400985717773,False,89 / 100,-0.00636760896706399
616,0.12005352973937988,False,89 / 100,-0.00636760896706399
617,0.11027789115905762,False,89 / 100,-0.00636760896706399
618,0.09583187103271484,False,89 / 100,-0.00636760896706399
619,0.13100004196166992,False,89 / 100,-0.00636760896706399
620,0.1281752586364746,False,89 / 100,-0.00636760896706399
621,0.10323953628540039,False,89 / 100,-0.00636760896706399
622,0.11820483207702637,False,89 / 100,-0.00636760896706399
623,0.10974454879760742,False,89 / 100,-0.00636760896706399
624,0.09726929664611816,False,89 / 100,-0.00636760896706399
625,0.1571052074432373,False,89 / 100,-0.00636760896706399
626,0.10814332962036133,False,89 / 100,-0.00636760896706399
627,0.16280627250671387,False,89 / 100,-0.00636760896706399
628,0.09911489486694336,False,89 / 100,-0.00636760896706399
629,0.11288332939147949,False,89 / 100,-0.00636760896706399
630,0.13779067993164062,False,89 / 100,-0.00636760896706399
631,0.09475350379943848,False,89 / 100,-0.00636760896706399
632,0.10225772857666016,False,89 / 100,-0.00636760896706399
633,0.12218999862670898,False,89 / 100,-0.00636760896706399
634,0.1201937198638916,False,89 / 100,-0.00636760896706399
635,0.1471240520477295,False,89 / 100,-0.00636760896706399
636,0.12335562705993652,False,89 / 100,-0.00636760896706399
637,0.1181950569152832,False,89 / 100,-0.00636760896706399
638,0.023936033248901367,False,89 / 100,-0.00636760896706399
639,0.10327744483947754,False,89 / 100,-0.00636760896706399
640,0.1707630157470703,False,89 / 100,-0.00636760896706399
641,0.09975290298461914,False,89 / 100,-0.00636760896706399
642,0.08927702903747559,False,89 / 100,-0.00636760896706399
643,0.02892327308654785,False,89 / 100,-0.00636760896706399
644,0.1202397346496582,False,89 / 100,-0.00636760896706399
645,0.1082770824432373,False,89 / 100,-0.00636760896706399
646,0.11422848701477051,False,89 / 100,-0.00636760896706399
647,0.09776782989501953,False,89 / 100,-0.00636760896706399
648,0.09825444221496582,False,89 / 100,-0.00636760896706399
649,0.11620569229125977,False,89 / 100,-0.00636760896706399
650,0.11321640014648438,False,89 / 100,-0.00636760896706399
651,0.10722923278808594,False,89 / 100,-0.00636760896706399
652,0.11823344230651855,False,89 / 100,-0.00636760896706399
653,0.11472535133361816,False,89 / 100,-0.00636760896706399
654,0.13647794723510742,False,89 / 100,-0.00636760896706399
655,0.07929754257202148,False,89 / 100,-0.00636760896706399
656,0.13115811347961426,False,89 / 100,-0.00636760896706399
657,0.055119991302490234,False,89 / 100,-0.00636760896706399
658,0.09625983238220215,False,89 / 100,-0.00636760896706399
659,0.02692866325378418,False,89 / 100,-0.00636760896706399
660,0.10525107383728027,False,89 / 100,-0.00636760896706399
661,0.09226655960083008,False,89 / 100,-0.00636760896706399
662,0.10622835159301758,False,89 / 100,-0.00636760896706399
663,0.0881505012512207,False,89 / 100,-0.00636760896706399
664,0.11720156669616699,False,89 / 100,-0.00636760896706399
665,0.027441740036010742,False,89 / 100,-0.00636760896706399
666,0.11221551895141602,False,89 / 100,-0.00636760896706399
667,0.13676786422729492,False,89 / 100,-0.00636760896706399
668,0.11713361740112305,False,89 / 100,-0.00636760896706399
669,0.10423803329467773,False,89 / 100,-0.00636760896706399
670,0.10221195220947266,False,89 / 100,-0.00636760896706399
671,0.11331534385681152,False,89 / 100,-0.00636760896706399
672,0.10825157165527344,False,89 / 100,-0.00636760896706399
673,0.12118935585021973,False,89 / 100,-0.00636760896706399
674,0.10826420783996582,False,89 / 100,-0.00636760896706399
675,0.12519454956054688,False,89 / 100,-0.00636760896706399
676,0.12429618835449219,False,89 / 100,-0.00636760896706399
677,0.12219047546386719,False,89 / 100,-0.00636760896706399
678,0.10124826431274414,False,89 / 100,-0.00636760896706399
679,0.08429169654846191,False,89 / 100,-0.00636760896706399
680,0.11221766471862793,False,89 / 100,-0.00636760896706399
681,0.09725642204284668,False,89 / 100,-0.00636760896706399
682,0.09827613830566406,False,89 / 100,-0.00636760896706399
683,0.10618853569030762,False,89 / 100,-0.00636760896706399
684,0.11520862579345703,False,89 / 100,-0.00636760896706399
685,0.1202085018157959,False,89 / 100,-0.00636760896706399
686,0.12967586517333984,False,89 / 100,-0.00636760896706399
687,0.13714885711669922,False,89 / 100,-0.00636760896706399
688,0.13966083526611328,False,89 / 100,-0.00636760896706399
689,0.12055492401123047,False,89 / 100,-0.00636760896706399
690,0.1351613998413086,False,89 / 100,-0.00636760896706399
691,0.12418913841247559,False,89 / 100,-0.00636760896706399
692,0.10623478889465332,False,89 / 100,-0.00636760896706399
693,0.10029053688049316,False,89 / 100,-0.00636760896706399
694,0.10423660278320312,False,89 / 100,-0.00636760896706399
695,0.09127163887023926,False,89 / 100,-0.00636760896706399
696,0.026927471160888672,False,89 / 100,-0.00636760896706399
697,0.11221718788146973,False,89 / 100,-0.00636760896706399
698,0.07729291915893555,False,89 / 100,-0.00636760896706399
699,0.12421321868896484,False,89 / 100,-0.00636760896706399
700,0.04089522361755371,False,89 / 100,-0.00636760896706399
701,0.12170577049255371,False,89 / 100,-0.00636760896706399
702,0.11522269248962402,False,89 / 100,-0.00636760896706399
703,0.11721563339233398,False,89 / 100,-0.00636760896706399
704,0.0930793285369873,False,89 / 100,-0.00636760896706399
705,0.13516473770141602,False,89 / 100,-0.00636760896706399
706,0.1187448501586914,False,89 / 100,-0.00636760896706399
707,0.014980316162109375,False,89 / 100,-0.00636760896706399
708,0.0992436408996582,False,89 / 100,-0.00636760896706399
709,0.13016915321350098,False,89 / 100,-0.00636760896706399
710,0.1092064380645752,False,89 / 100,-0.00636760896706399
711,0.10857367515563965,False,89 / 100,-0.00636760896706399
712,0.09379339218139648,False,89 / 100,-0.00636760896706399
713,0.035424232482910156,False,89 / 100,-0.00636760896706399
714,0.12119126319885254,False,89 / 100,-0.00636760896706399
715,0.10523605346679688,False,89 / 100,-0.00636760896706399
716,0.15364956855773926,False,89 / 100,-0.00636760896706399
717,0.1261579990386963,False,89 / 100,-0.00636760896706399
718,0.05585527420043945,False,89 / 100,-0.00636760896706399
719,0.12575125694274902,False,89 / 100,-0.00636760896706399
720,0.11523151397705078,False,89 / 100,-0.00636760896706399
721,0.13814330101013184,False,89 / 100,-0.00636760896706399
722,0.0992441177368164,False,89 / 100,-0.00636760896706399
723,0.13471007347106934,False,89 / 100,-0.00636760896706399
724,0.0359036922454834,False,89 / 100,-0.00636760896706399
725,0.1258711814880371,False,89 / 100,-0.00636760896706399
726,0.09625720977783203,False,89 / 100,-0.00636760896706399
727,0.12068724632263184,False,89 / 100,-0.00636760896706399
728,0.03789949417114258,False,89 / 100,-0.00636760896706399
729,0.11321234703063965,False,89 / 100,-0.00636760896706399
730,0.10425639152526855,False,89 / 100,-0.00636760896706399
731,0.10623526573181152,False,89 / 100,-0.00636760896706399
732,0.11672067642211914,False,89 / 100,-0.00636760896706399
733,0.12520909309387207,False,89 / 100,-0.00636760896706399
734,0.12393474578857422,False,89 / 100,-0.00636760896706399
735,0.10124802589416504,False,89 / 100,-0.00636760896706399
736,0.100250244140625,False,89 / 100,-0.00636760896706399
737,0.09530949592590332,False,89 / 100,-0.00636760896706399
738,0.1112208366394043,False,89 / 100,-0.00636760896706399
739,0.16060400009155273,False,89 / 100,-0.00636760896706399
740,0.13212919235229492,False,89 / 100,-0.00636760896706399
741,0.12319016456604004,False,89 / 100,-0.00636760896706399
742,0.10127377510070801,False,89 / 100,-0.00636760896706399
743,0.1167290210723877,False,89 / 100,-0.00636760896706399
744,0.13415932655334473,False,89 / 100,-0.00636760896706399
745,0.10523390769958496,False,89 / 100,-0.00636760896706399
746,0.10822629928588867,False,89 / 100,-0.00636760896706399
747,0.14267587661743164,False,89 / 100,-0.00636760896706399
748,0.02393794059753418,False,89 / 100,-0.00636760896706399
749,0.15262579917907715,False,89 / 100,-0.00636760896706399
750,0.1143643856048584,False,89 / 100,-0.00636760896706399
751,0.09921884536743164,False,89 / 100,-0.00636760896706399
752,0.11812400817871094,False,89 / 100,-0.00636760896706399
753,0.149153470993042,False,89 / 100,-0.00636760896706399
754,0.11647295951843262,False,89 / 100,-0.00636760896706399
755,0.1049811840057373,False,89 / 100,-0.00636760896706399
756,0.052858829498291016,False,89 / 100,-0.00636760896706399
757,0.09927701950073242,False,89 / 100,-0.00636760896706399
758,0.11675119400024414,False,89 / 100,-0.00636760896706399
759,0.1382746696472168,False,89 / 100,-0.00636760896706399
760,0.12317943572998047,False,89 / 100,-0.00636760896706399
761,0.11619806289672852,False,89 / 100,-0.00636760896706399
762,0.09220123291015625,False,89 / 100,-0.00636760896706399
763,0.104827880859375,False,89 / 100,-0.00636760896706399
764,0.04539775848388672,False,89 / 100,-0.00636760896706399
765,0.05410504341125488,False,89 / 100,-0.00636760896706399
766,0.1455550193786621,False,89 / 100,-0.00636760896706399
767,0.09827280044555664,False,89 / 100,-0.00636760896706399
768,0.10819888114929199,False,89 / 100,-0.00636760896706399
769,0.10124945640563965,False,89 / 100,-0.00636760896706399
770,0.1341867446899414,False,89 / 100,-0.00636760896706399
771,0.04043459892272949,False,89 / 100,-0.00636760896706399
772,0.035903215408325195,False,89 / 100,-0.00636760896706399
773,0.11222386360168457,False,89 / 100,-0.00636760896706399
774,0.12870240211486816,False,89 / 100,-0.00636760896706399
775,0.1361551284790039,False,89 / 100,-0.00636760896706399
776,0.05536603927612305,False,89 / 100,-0.00636760896706399
777,0.03789830207824707,False,89 / 100,-0.00636760896706399
778,0.09625864028930664,False,89 / 100,-0.00636760896706399
779,0.11522245407104492,False,89 / 100,-0.00636760896706399
780,0.12632966041564941,False,89 / 100,-0.00636760896706399
781,0.10822653770446777,False,89 / 100,-0.00636760896706399
782,0.10523319244384766,False,89 / 100,-0.00636760896706399
783,0.0982522964477539,False,89 / 100,-0.00636760896706399
784,0.11178731918334961,False,89 / 100,-0.00636760896706399
785,0.020937681198120117,False,89 / 100,-0.00636760896706399
786,0.12521123886108398,False,89 / 100,-0.00636760896706399
787,0.13467049598693848,False,89 / 100,-0.00636760896706399
788,0.14613747596740723,False,89 / 100,-0.00636760896706399
789,0.1417086124420166,False,89 / 100,-0.00636760896706399
790,0.13815736770629883,False,89 / 100,-0.00636760896706399
791,0.13140273094177246,False,89 / 100,-0.00636760896706399
792,0.08419251441955566,False,89 / 100,-0.00636760896706399
793,0.09084844589233398,False,89 / 100,-0.00636760896706399
794,0.09925651550292969,False,89 / 100,-0.00636760896706399
795,0.08429503440856934,False,89 / 100,-0.00636760896706399
796,0.12159609794616699,False,89 / 100,-0.00636760896706399
797,0.07616376876831055,False,89 / 100,-0.00636760896706399
798,0.13249826431274414,False,89 / 100,-0.00636760896706399
799,0.10619544982910156,False,89 / 100,-0.00636760896706399
800,0.14513850212097168,False,89 / 100,-0.00636760896706399
801,0.13466167449951172,False,89 / 100,-0.00636760896706399
802,0.08631491661071777,False,89 / 100,-0.00636760896706399
803,0.10523629188537598,False,89 / 100,-0.00636760896706399
804,0.11172914505004883,False,89 / 100,-0.00636760896706399
805,0.04886913299560547,False,89 / 100,-0.00636760896706399
806,0.11321473121643066,False,89 / 100,-0.00636760896706399
807,0.10622882843017578,False,89 / 100,-0.00636760896706399
808,0.12840008735656738,False,89 / 100,-0.00636760896706399
809,0.12319469451904297,False,89 / 100,-0.00636760896706399
810,0.09229516983032227,False,89 / 100,-0.00636760896706399
811,0.10523533821105957,False,89 / 100,-0.00636760896706399
812,0.12718987464904785,False,89 / 100,-0.00636760896706399
813,0.12868857383728027,False,89 / 100,-0.00636760896706399
814,0.1251833438873291,False,89 / 100,-0.00636760896706399
815,0.11920666694641113,False,89 / 100,-0.00636760896706399
816,0.09493446350097656,False,89 / 100,-0.00636760896706399
817,0.10423898696899414,False,89 / 100,-0.00636760896706399
818,0.09326696395874023,False,89 / 100,-0.00636760896706399
819,0.12325596809387207,False,89 / 100,-0.00636760896706399
820,0.12470841407775879,False,89 / 100,-0.00636760896706399
821,0.11121630668640137,False,89 / 100,-0.00636760896706399
822,0.12817168235778809,False,89 / 100,-0.00636760896706399
823,0.140702486038208,False,89 / 100,-0.00636760896706399
824,0.10124516487121582,False,89 / 100,-0.00636760896706399
825,0.05086207389831543,False,89 / 100,-0.00636760896706399
826,0.08033299446105957,False,89 / 100,-0.00636760896706399
827,0.11521029472351074,False,89 / 100,-0.00636760896706399
828,0.040410757064819336,False,89 / 100,-0.00636760896706399
829,0.04988503456115723,False,89 / 100,-0.00636760896706399
830,0.11025619506835938,False,89 / 100,-0.00636760896706399
831,0.10423660278320312,False,89 / 100,-0.00636760896706399
832,0.12370157241821289,False,89 / 100,-0.00636760896706399
833,0.09825372695922852,False,89 / 100,-0.00636760896706399
834,0.11450672149658203,False,89 / 100,-0.00636760896706399
835,0.03789877891540527,False,89 / 100,-0.00636760896706399
836,0.12180209159851074,False,89 / 100,-0.00636760896706399
837,0.10522723197937012,False,89 / 100,-0.00636760896706399
838,0.0351254940032959,False,89 / 100,-0.00636760896706399
839,0.15111660957336426,False,89 / 100,-0.00636760896706399
840,0.12894558906555176,False,89 / 100,-0.00636760896706399
841,0.13315725326538086,False,89 / 100,-0.00636760896706399
842,0.12515687942504883,False,89 / 100,-0.00636760896706399
843,0.16763925552368164,False,89 / 100,-0.00636760896706399
844,0.10773420333862305,False,89 / 100,-0.00636760896706399
845,0.03342580795288086,False,89 / 100,-0.00636760896706399
846,0.1252131462097168,False,89 / 100,-0.00636760896706399
847,0.11025118827819824,False,89 / 100,-0.00636760896706399
848,0.12717413902282715,False,89 / 100,-0.00636760896706399
849,0.06194281578063965,False,89 / 100,-0.00636760896706399
850,0.1311640739440918,False,89 / 100,-0.00636760896706399
851,0.10811114311218262,False,89 / 100,-0.00636760896706399
852,0.1072533130645752,False,89 / 100,-0.00636760896706399
853,0.024936437606811523,False,89 / 100,-0.00636760896706399
854,0.11221647262573242,False,89 / 100,-0.00636760896706399
855,0.10525679588317871,False,89 / 100,-0.00636760896706399
856,0.13416600227355957,False,89 / 100,-0.00636760896706399
857,0.12968778610229492,False,89 / 100,-0.00636760896706399
858,0.1137235164642334,False,89 / 100,-0.00636760896706399
859,0.12445306777954102,False,89 / 100,-0.00636760896706399
860,0.11022305488586426,False,89 / 100,-0.00636760896706399
861,0.1476430892944336,False,89 / 100,-0.00636760896706399
862,0.11809396743774414,False,89 / 100,-0.00636760896706399
863,0.11305713653564453,False,89 / 100,-0.00636760896706399
864,0.13117456436157227,False,89 / 100,-0.00636760896706399
865,0.10247611999511719,False,89 / 100,-0.00636760896706399
866,0.11222147941589355,False,89 / 100,-0.00636760896706399
867,0.11707377433776855,False,89 / 100,-0.00636760896706399
868,0.15367746353149414,False,89 / 100,-0.00636760896706399
869,0.13368678092956543,False,89 / 100,-0.00636760896706399
870,0.039185285568237305,False,89 / 100,-0.00636760896706399
871,0.12171626091003418,False,89 / 100,-0.00636760896706399
872,0.13515210151672363,False,89 / 100,-0.00636760896706399
873,0.11420726776123047,False,89 / 100,-0.00636760896706399
874,0.12891435623168945,False,89 / 100,-0.00636760896706399
875,0.13650131225585938,False,89 / 100,-0.00636760896706399
876,0.11221861839294434,False,89 / 100,-0.00636760896706399
877,0.11696863174438477,False,89 / 100,-0.00636760896706399
878,0.10523366928100586,False,89 / 100,-0.00636760896706399
879,0.12219595909118652,False,89 / 100,-0.00636760896706399
880,0.1292128562927246,False,89 / 100,-0.00636760896706399
881,0.08330512046813965,False,89 / 100,-0.00636760896706399
882,0.14316058158874512,False,89 / 100,-0.00636760896706399
883,0.024936914443969727,False,89 / 100,-0.00636760896706399
884,0.18155145645141602,False,89 / 100,-0.00636760896706399
885,0.1277027130126953,False,89 / 100,-0.00636760896706399
886,0.13616061210632324,False,89 / 100,-0.00636760896706399
887,0.1212313175201416,False,89 / 100,-0.00636760896706399
888,0.1337416172027588,False,89 / 100,-0.00636760896706399
889,0.028923749923706055,False,89 / 100,-0.00636760896706399
890,0.10824108123779297,False,89 / 100,-0.00636760896706399
891,0.09733390808105469,False,89 / 100,-0.00636760896706399
892,0.13317131996154785,False,89 / 100,-0.00636760896706399
893,0.10824275016784668,False,89 / 100,-0.00636760896706399
894,0.1426541805267334,False,89 / 100,-0.00636760896706399
895,0.13158011436462402,False,89 / 100,-0.00636760896706399
896,0.11222171783447266,False,89 / 100,-0.00636760896706399
897,0.1604447364807129,False,89 / 100,-0.00636760896706399
898,0.11721491813659668,False,89 / 100,-0.00636760896706399
899,0.11864972114562988,False,89 / 100,-0.00636760896706399
900,0.13814568519592285,False,89 / 100,-0.00636760896706399
901,0.1092221736907959,False,89 / 100,-0.00636760896706399
902,0.1311483383178711,False,89 / 100,-0.00636760896706399
903,0.12726950645446777,False,89 / 100,-0.00636760896706399
904,0.09326934814453125,False,89 / 100,-0.00636760896706399
905,0.12318277359008789,False,89 / 100,-0.00636760896706399
906,0.11285972595214844,False,89 / 100,-0.00636760896706399
907,0.12674880027770996,False,89 / 100,-0.00636760896706399
908,0.13318610191345215,False,89 / 100,-0.00636760896706399
909,0.1062307357788086,False,89 / 100,-0.00636760896706399
910,0.10723042488098145,False,89 / 100,-0.00636760896706399
911,0.15265750885009766,False,89 / 100,-0.00636760896706399
912,0.12817597389221191,False,89 / 100,-0.00636760896706399
913,0.13815069198608398,False,89 / 100,-0.00636760896706399
914,0.11423897743225098,False,89 / 100,-0.00636760896706399
915,0.0827798843383789,False,89 / 100,-0.00636760896706399
916,0.12969613075256348,False,89 / 100,-0.00636760896706399
917,0.15415549278259277,False,89 / 100,-0.00636760896706399
918,0.1142117977142334,False,89 / 100,-0.00636760896706399
919,0.11230325698852539,False,89 / 100,-0.00636760896706399
920,0.14656758308410645,False,89 / 100,-0.00636760896706399
921,0.1092226505279541,False,89 / 100,-0.00636760896706399
922,0.11720800399780273,False,89 / 100,-0.00636760896706399
923,0.15762615203857422,False,89 / 100,-0.00636760896706399
924,0.1112215518951416,False,89 / 100,-0.00636760896706399
925,0.041417598724365234,False,89 / 100,-0.00636760896706399
926,0.022944927215576172,False,89 / 100,-0.00636760896706399
927,0.11023569107055664,False,89 / 100,-0.00636760896706399
928,0.12620759010314941,False,89 / 100,-0.00636760896706399
929,0.11121892929077148,False,89 / 100,-0.00636760896706399
930,0.13715839385986328,False,89 / 100,-0.00636760896706399
931,0.12920689582824707,False,89 / 100,-0.00636760896706399
932,0.13768768310546875,False,89 / 100,-0.00636760896706399
933,0.10423851013183594,False,89 / 100,-0.00636760896706399
934,0.11321306228637695,False,89 / 100,-0.00636760896706399
935,0.12418341636657715,False,89 / 100,-0.00636760896706399
936,0.11520910263061523,False,89 / 100,-0.00636760896706399
937,0.1004326343536377,False,89 / 100,-0.00636760896706399
938,0.13732481002807617,False,89 / 100,-0.00636760896706399
939,0.09713292121887207,False,89 / 100,-0.00636760896706399
940,0.13701796531677246,False,89 / 100,-0.00636760896706399
941,0.12669658660888672,False,89 / 100,-0.00636760896706399
942,0.058615922927856445,False,89 / 100,-0.00636760896706399
943,0.12920689582824707,False,89 / 100,-0.00636760896706399
944,0.12869477272033691,False,89 / 100,-0.00636760896706399
945,0.08730864524841309,False,89 / 100,-0.00636760896706399
946,0.16408514976501465,False,89 / 100,-0.00636760896706399
947,0.11671614646911621,False,89 / 100,-0.00636760896706399
948,0.10623764991760254,False,89 / 100,-0.00636760896706399
949,0.1202394962310791,False,89 / 100,-0.00636760896706399
950,0.11321854591369629,False,89 / 100,-0.00636760896706399
951,0.12219548225402832,False,89 / 100,-0.00636760896706399
952,0.12494564056396484,False,89 / 100,-0.00636760896706399
953,0.044882774353027344,False,89 / 100,-0.00636760896706399
954,0.11882901191711426,False,89 / 100,-0.00636760896706399
955,0.11221837997436523,False,89 / 100,-0.00636760896706399
956,0.1171715259552002,False,89 / 100,-0.00636760896706399
957,0.12124204635620117,False,89 / 100,-0.00636760896706399
958,0.11289334297180176,False,89 / 100,-0.00636760896706399
959,0.10822319984436035,False,89 / 100,-0.00636760896706399
960,0.08130431175231934,False,89 / 100,-0.00636760896706399
961,0.1062934398651123,False,89 / 100,-0.00636760896706399
962,0.0349123477935791,False,89 / 100,-0.00636760896706399
963,0.11122345924377441,False,89 / 100,-0.00636760896706399
964,0.12220001220703125,False,89 / 100,-0.00636760896706399
965,0.09626197814941406,False,89 / 100,-0.00636760896706399
966,0.14715170860290527,False,89 / 100,-0.00636760896706399
967,0.14267754554748535,False,89 / 100,-0.00636760896706399
968,0.11720061302185059,False,89 / 100,-0.00636760896706399
969,0.12120342254638672,False,89 / 100,-0.00636760896706399
970,0.13567209243774414,False,89 / 100,-0.00636760896706399
971,0.024934053421020508,False,89 / 100,-0.00636760896706399
972,0.12810063362121582,False,89 / 100,-0.00636760896706399
973,0.11921334266662598,False,89 / 100,-0.00636760896706399
974,0.142075777053833,False,89 / 100,-0.00636760896706399
975,0.15617775917053223,False,89 / 100,-0.00636760896706399
976,0.0952606201171875,False,89 / 100,-0.00636760896706399
977,0.10723876953125,False,89 / 100,-0.00636760896706399
978,0.15410637855529785,False,89 / 100,-0.00636760896706399
979,0.1314835548400879,False,89 / 100,-0.00636760896706399
980,0.13605165481567383,False,89 / 100,-0.00636760896706399
981,0.03490591049194336,False,89 / 100,-0.00636760896706399
982,0.11114501953125,False,89 / 100,-0.00636760896706399
983,0.138289213180542,False,89 / 100,-0.00636760896706399
984,0.11136651039123535,False,89 / 100,-0.00636760896706399
985,0.13217449188232422,False,89 / 100,-0.00636760896706399
986,0.06833171844482422,False,89 / 100,-0.00636760896706399
987,0.11520767211914062,False,89 / 100,-0.00636760896706399
988,0.13567781448364258,False,89 / 100,-0.00636760896706399
989,0.046904802322387695,False,89 / 100,-0.00636760896706399
990,0.1576223373413086,False,89 / 100,-0.00636760896706399
991,0.17157506942749023,False,89 / 100,-0.00636760896706399
992,0.09925031661987305,False,89 / 100,-0.00636760896706399
993,0.02792501449584961,False,89 / 100,-0.00636760896706399
994,0.11521077156066895,False,89 / 100,-0.00636760896706399
995,0.14167547225952148,False,89 / 100,-0.00636760896706399
996,0.10366940498352051,False,89 / 100,-0.00636760896706399
997,0.1371445655822754,False,89 / 100,-0.00636760896706399
998,0.10380291938781738,False,89 / 100,-0.00636760896706399
999,0.11420845985412598,False,89 / 100,-0.00636760896706399
1000,0.15163469314575195,False,89 / 100,-0.00636760896706399
